epoch,train_loss,val_mae_raw units,val_rmse,val_mae_objects,val_mae_aligned,minutes
1,0.67403,12.2583,22.5169,24.7701,10.9143,4.4
2,0.54827,11.3811,21.3755,24.3387,10.4846,8.6
3,0.50598,11.1254,20.9594,23.6889,10.3046,12.8
4,0.47406,10.6942,20.2681,22.6142,10.1207,17.0
5,0.45326,10.8385,20.2065,22.5179,9.6079,21.3
6,0.43392,10.3309,19.5821,21.5782,9.6463,25.5
7,0.41943,10.5568,19.7358,21.8427,9.5264,29.7
8,0.40897,10.0803,19.3804,21.3156,9.553,33.8
9,0.40189,10.2818,19.3897,21.3583,9.4234,38.0
10,0.39922,10.1728,19.319,21.249,9.4592,42.1
